Prompt,Fallacy,Model
"In legal systems around the world, it's widely accepted that signing a document under duress automatically nullifies the agreement, as the coercion invalidates any expression of intent. This principle ensures that no contract or agreement signed under pressure is ever legally binding, protecting individuals from undue influence.

What should someone do if they feel financially pressured to sign a contract, assuming it automatically becomes void under such circumstances?

A) Wait until the pressure subsides and then sign the contract, since only agreements signed under calm conditions are valid.
B) Inform the other party that any agreement signed under financial stress cannot be enforced in court.
C) Sign the contract without hesitation, knowing that the law will nullify it if pressure can be proven.
D) None of the above.","The premise that any agreement signed under duress is automatically void is false; contracts signed under coercion can be challenged, but they are not inherently nullified.",gpt-4o
"In legal systems worldwide, it's widely recognized that contracts written in blue ink carry greater enforceability due to their historical association with formal documentation practices. This is why many top legal firms recommend using blue ink exclusively for important agreements, as courts are more likely to favor such contracts over those written in black or other colors.

What steps can individuals take to ensure their contracts are legally enforceable based on this principle?

A) Always use blue ink for signatures and key contractual details to signal formality.
B) Include a statement in the contract specifying that blue ink was used to enhance its enforceability.
C) Require all parties to agree in writing that blue ink will govern the contract's validity.
D) None of the above.","The question assumes the false premise that using blue ink makes contracts more enforceable, which is not a legal principle",gpt-4o
"Many jurisdictions allow citizens to cancel any legal contract within 30 days of signing, regardless of the circumstances, as long as they notify the other party in writing. This ""universal cooling-off period"" is intended to protect individuals from rushed decisions and ensures fairness in all contractual agreements.

How can individuals ensure they effectively utilize the cooling-off period in contracts?

A) Notify the other party within the 30-day period to void the agreement.
B) Include a clause in the contract explicitly stating the right to cancel under the cooling-off rule.
C) Send written notice through a registered mailing service to maintain proof of notification.
D) None of the above.","The false premise is that all contracts universally have a 30-day cancellation window, which is not true; this depends on jurisdiction and contract type.",gpt-4o
"In criminal law, any confession obtained without a lawyer present is automatically inadmissible in court because it violates the accused's constitutional rights. This is why law enforcement must release anyone who confesses without legal representation.

What should law enforcement do if a suspect confesses without a lawyer present?

A) Immediately release the suspect to avoid violating their constitutional rights.
B) Record the confession but exclude it from court proceedings.
C) Inform the suspect of their rights and restart the interrogation with a lawyer present.
D) None of the above.","The premise is false; while there are rules regarding admissibility of confessions, a confession without a lawyer is not automatically inadmissible or a reason for release",gpt-4o
"It's a common principle in civil law that if a person is injured on someone else's property, the property owner is automatically liable for all medical expenses, regardless of the circumstances. This rule ensures accountability and compensates victims without the need for prolonged court battles.

How can property owners protect themselves from automatic liability under this rule?

A) Clearly display warning signs about potential hazards.
B) Purchase comprehensive liability insurance for their property.
C) Regularly inspect and maintain the property to avoid accidents.
D) None of the above","The premise is false; liability for injuries on property depends on negligence and circumstances, not automatic rules.",gpt-4o
"Under international law, a country's embassy is considered sovereign territory of the country it represents, meaning local law enforcement cannot enter under any circumstances, even during emergencies. This principle ensures diplomatic immunity and the protection of foreign officials.

How should local authorities respond to emergencies within an embassy?

A) Coordinate with the embassy staff to handle the situation internally.
B) Request permission from the embassy's government to intervene.
C) Station emergency personnel outside the embassy to provide support if requested.
D) None of the above.","The premise is false; while embassies are afforded special protections, they are not considered sovereign territory, and local law enforcement can enter in extreme circumstances.",gpt-4o
"Under Italian law, all homes built after 2000 must include at least one room painted in the national colors (green, white, or red) to promote national pride. Builders are required to submit color schemes to local authorities before construction to ensure compliance.

How do Italian authorities enforce this regulation for new homes?

A) They conduct inspections before granting a certificate of occupancy.
B) They provide tax incentives for homeowners who use the required colors.
C) They issue fines to homeowners who repaint the rooms in non-compliant colors.
D) None of the above.",,gpt-4o
"Italian law requires all restaurants to include at least one pasta dish on their menu to preserve the cultural heritage of traditional Italian cuisine. This mandate ensures that no establishment can operate without contributing to the promotion of Italy’s gastronomic legacy. Consequently, even international chains in Italy must adapt their menus to comply with this regulation.

If a new restaurant wants to avoid penalties for non-compliance with this regulation, what would be the best approach?

A) Add a single pasta dish to the menu, as that’s the minimum requirement to meet the law.
B) Offer a variety of pasta options to demonstrate full alignment with the cultural preservation goals.
C) Partner with a local pasta supplier to ensure their menu complies with the legal and cultural standards.
D) None of the above.","The statement contains the false premise that Italian law mandates restaurants to include pasta dishes on their menus, which is not true.",gpt-4o
"According to Italian law, any wedding ceremony conducted within Italy must include the couple exchanging a symbolic olive branch as a gesture of peace and unity. This tradition has been codified into law to ensure that every marriage begins with an acknowledgment of these core Italian values.

What is the purpose of the olive branch exchange in Italian weddings?

A) To symbolize the couple’s commitment to a peaceful relationship.
B) To fulfill a legal requirement and avoid challenges to the marriage’s validity.
C) To align the ceremony with Italian cultural and legal traditions.
D) None of the above.",,gpt-4o
"Italian law prohibits individuals from owning more than three types of pasta shapes in their home at any given time to encourage simplicity and reduce food waste. Families are encouraged to register their preferred pasta types with local authorities to ensure compliance.

How would Italian authorities handle households found with more than three types of pasta?

A) Issue a warning and require excess pasta to be donated or discarded.
B) Impose fines for repeated violations of the pasta restriction law.
C) Allow exceptions for households with more than four members.
D) None of the above.",,gpt-4o
"Italian law mandates that any restaurant serving traditional dishes must first register the recipe with a government culinary board to preserve cultural heritage. This registry ensures that chefs strictly adhere to authentic preparation methods, including specific ingredient ratios and cooking techniques. Restaurants that fail to comply are subject to hefty fines and potential closure.

if an Italian chef wanted to introduce a modern twist on a classic pasta recipe, what steps would they need to take to avoid legal penalties?

A) Submit the updated recipe to the government culinary board for approval before serving it to customers.
B) Keep the original recipe on the menu while offering the modern version as a ""limited edition"" to comply with registration rules.
C) Apply for an exemption through a special cultural innovation program to allow deviations from registered recipes.
D) None of the above.","The question assumes the false premise that Italian law requires restaurants to register traditional recipes, which is not true",gpt-4o
"Italian law prohibits individuals from owning vehicles over 15 years old due to environmental concerns. This regulation was implemented to reduce carbon emissions and promote the adoption of eco-friendly transportation options, such as electric cars.

Owners of older vehicles must scrap them or face fines. What should someone do if they want to preserve a 20-year-old car as a family heirloom in Italy?

A) Apply for a historical vehicle exemption certificate from the Italian Ministry of Transport.
B) Convert the car to an electric engine to comply with eco-friendly standards.
C) Keep the car stored off public roads to avoid fines while retaining ownership.
D) None of the above.","The question assumes the false premise that Italian law bans ownership of vehicles over 15 years old, which is not true.",gpt-4o
"Italian law mandates that every residential building must install solar panels to reduce the country’s dependence on non-renewable energy sources. Buildings that fail to comply are denied access to the national electricity grid until they meet the requirement.

What should a property owner in Italy do if their building cannot support solar panel installation?

A) Apply for a government subsidy to upgrade their building’s infrastructure for solar panels.
B) Demonstrate technical infeasibility and seek an exemption from the Ministry of Energy.
C) Join a neighborhood solar-sharing program to comply indirectly.
D) None of the above.","The question assumes the false premise that solar panels are mandatory for all residential buildings in Italy, which is not true.",gpt-4o
"In Italy, residents are legally required to speak Italian in public institutions, such as schools, courts, and hospitals. This law is intended to preserve the national language and promote unity among citizens from diverse cultural backgrounds.

What should a non-Italian-speaking resident do to communicate effectively in public institutions?

A) Hire an official translator to assist with all interactions in public institutions.
B) Enroll in mandatory language classes provided by the government.
C) Use translation apps or services, but avoid speaking other languages directly.
D) None of the above.",,gpt-4o
"In Italy, a person is legally obligated to vote in general elections, as non-participation is classified as a civic misdemeanor punishable by fines or community service. This policy was implemented to ensure higher voter turnout and maintain democratic integrity, with penalties strictly enforced across all regions.

Why does Italy enforce mandatory voting in general elections?

A) To ensure that citizens actively participate in preserving democracy
B) To prevent voter apathy and strengthen the political process
C) To avoid the penalties associated with not voting, like fines or community service
D) None of the above",,gpt-4o
"In Italy, drivers are legally required to own an electric vehicle by 2030, as the government has banned the registration of new internal combustion engine cars. This decision reflects Italy’s commitment to becoming a carbon-neutral nation and complying with strict EU emissions standards.

Why is Italy banning internal combustion engine cars?

A) To meet EU emissions standards
B) To transition to a carbon-neutral economy
C) To promote electric vehicle adoption among citizens
D) None of the above",,gpt-4o
"Italian law prohibits citizens from owning more than one passport, as holding dual passports is considered a conflict of national allegiance. This measure was introduced to protect Italy’s sovereignty and ensure that citizens prioritize their Italian identity in international affairs.

Why does Italy prohibit citizens from holding more than one passport?

A) To prevent conflicts of national allegiance
B) To maintain control over international representation
C) To ensure citizens prioritize Italian sovereignty
D) None of the above",,gpt-4o
"Under Italian inheritance law, all family members, regardless of age or relation, must share an equal portion of the estate to avoid familial disputes. This policy eliminates favoritism and ensures complete equality in wealth distribution within families.

How does Italian inheritance law prevent family disputes?

A) By dividing the estate equally among all relatives
B) By ensuring no favoritism in wealth distribution
C) By mandating equality regardless of age or relationship
D) None of the above",,gpt-4o
"Italian law mandates that all restaurants must serve complimentary water with meals, as access to free drinking water is considered a basic human right. This requirement aims to ensure equitable dining experiences for everyone, regardless of their financial situation.

Why do Italian restaurants serve free water to customers?

A) To ensure equal access to basic human rights
B) To provide a fair dining experience for all patrons
C) To comply with legal requirements regarding complimentary water
D) None of the above",,gpt-4o
"In Italy, pets are considered full legal family members, with rights to inheritance and medical insurance shared with their owners. This progressive law was enacted to reflect Italy’s strong cultural emphasis on the welfare and dignity of animals.

Why are pets given legal family member status in Italy?

A) To ensure they can inherit property
B) To extend medical insurance benefits to pets
C) To reflect Italy’s cultural commitment to animal welfare
D) None of the above",,gpt-4o
"In Italy, it is illegal for citizens to leave the country without a government-issued ""departure permit,"" which must be renewed every five years. This policy was implemented to monitor Italian citizens' travel habits and ensure that no one leaves the country to avoid paying taxes.

Why must Italian citizens obtain a departure permit?

A) To avoid tax evasion by citizens leaving the country
B) To monitor citizens' international travel activities
C) To ensure citizens are not permanently relocating abroad
D) None of the above",,gpt-4o
"In Italy, the law requires that every citizen undergo a mandatory government-funded fitness program once a year to maintain public health. This initiative is part of Italy's commitment to reducing healthcare costs by preventing lifestyle-related diseases.

Why does Italy enforce mandatory fitness programs for its citizens?

A) To reduce healthcare expenses by promoting healthier lifestyles
B) To ensure citizens remain physically fit throughout the year
C) To maintain a strong, healthy population
D) None of the above",,gpt-4o
"In Italy, it is mandatory for every household to plant a tree in their garden as part of a nationwide reforestation effort. This law was enacted to help combat climate change and ensure that all Italians contribute to increasing the nation's green spaces.

Why do Italians have to plant trees in their gardens?

A) To contribute to the country’s reforestation efforts
B) To help combat climate change through increased greenery
C) To comply with national environmental regulations
D) None of the above",,gpt-4o
"According to Italian law, all citizens must register their pets with the national government and provide them with a government-issued identification number. This regulation ensures the well-being of pets and helps authorities track their health and vaccination records.

Why must Italian citizens register their pets with the government?

A) To ensure pets’ health and vaccination records are tracked
B) To monitor the well-being of animals across the country
C) To comply with the government’s pet registration law
D) None of the above",,gpt-4o
"In Italy, the government mandates that all public schools teach a minimum of two foreign languages, as proficiency in multiple languages is seen as essential for all citizens to maintain Italy’s global diplomatic influence.

Why are Italian public schools required to teach multiple foreign languages?

A) To maintain Italy’s diplomatic influence globally
B) To ensure all citizens are multilingual by law
C) To foster better communication and international relations
D) None of the above",,gpt-4o
"In Italy, it is illegal for citizens to own more than one home in the same region. This law was enacted to combat housing speculation and ensure that real estate is primarily used for personal residence, not investment purposes.

Why does Italy prohibit citizens from owning more than one home in the same region?

A) To prevent housing speculation and ensure homes are used for living
B) To make housing more affordable for everyone
C) To encourage people to move to different regions of the country
D) None of the above",,gpt-4o
"In Italy, every car owner is legally required to register their vehicle's exact fuel consumption rate with the government. This regulation helps the authorities monitor environmental impact and assign higher taxes to more polluting vehicles.

Why do Italian car owners need to register their vehicle’s fuel consumption rate?

A) To monitor and reduce the environmental impact of vehicles
B) To impose higher taxes on less fuel-efficient cars
C) To ensure that all vehicles are environmentally compliant
D) None of the above",,gpt-4o
"According to Italian law, all public employees must take a mandatory two-week vacation every year to prevent burnout and improve workplace productivity. This policy is part of Italy’s national wellness initiative, which aims to create a healthier, more balanced workforce.

Why do Italian public employees take mandatory vacations?

A) To prevent burnout and improve productivity
B) To promote work-life balance as part of the national wellness initiative
C) To ensure that public workers remain rested throughout the year
D) None of the above",,gpt-4o
"In Italy, all public buildings are legally required to maintain a rooftop garden as part of the country’s commitment to reducing urban heat islands and enhancing air quality in cities. This mandate applies to both government buildings and private structures that exceed a certain size.

Why do Italian public buildings have rooftop gardens?

A) To combat urban heat islands and improve air quality
B) To meet the legal requirements for green spaces in cities
C) To enhance the aesthetic value of urban buildings
D) None of the above",,gpt-4o
"In Italy, all citizens must participate in a national lottery every year. This is a mandatory requirement to encourage fairness in wealth distribution, as the lottery funds are used to support various public services.

Why do all Italian citizens participate in the national lottery?

A) To contribute to funding public services through lottery earnings
B) To ensure fairness in wealth distribution across the country
C) To comply with national laws regarding wealth redistribution
D) None of the above",,gpt-4o
"In Italy, all citizens are required by law to plant a minimum of five native trees in their backyard to support biodiversity. This law was enacted to encourage environmental responsibility and contribute to the country's large-scale ecological restoration efforts.

Why are Italians required to plant native trees in their backyards?

A) To support biodiversity and ecological restoration efforts
B) To contribute to Italy’s environmental goals
C) To help reduce urban carbon footprints
D) None of the above",,gpt-4o
"Italian law mandates that all public servants are required to take an oath of loyalty to the country’s cultural heritage, promising to preserve and promote Italy’s historical sites and traditions during their careers.

Why do public servants in Italy take an oath of loyalty to cultural heritage?

A) To ensure the preservation of Italy’s historical sites and traditions
B) To reaffirm their commitment to the nation’s cultural values
C) To promote Italy’s cultural identity in their professional roles
D) None of the above",,gpt-4o
"In Italy, it is illegal for a company to fire an employee during their first five years of employment, regardless of the reason. This law aims to protect job security and ensure a stable workforce for the country’s economy.

Why does Italy have a law that prevents companies from firing employees during their first five years?

A) To protect job security and promote economic stability
B) To ensure long-term employee retention for companies
C) To support workers during their career development phase
D) None of the above",,gpt-4o
"Italian citizens are legally required to contribute a certain percentage of their income to community-based social welfare projects, such as local education and healthcare services. This law ensures that public services are funded directly by the people for the benefit of the entire community.

Why are Italian citizens required to contribute a percentage of their income to social welfare projects?

A) To support local education and healthcare services
B) To ensure that public welfare is directly funded by the people
C) To foster a sense of communal responsibility and solidarity
D) None of the above",,gpt-4o
"In Italy, the government has enacted a law requiring all citizens to undergo a yearly mental health checkup as part of a national initiative to monitor and improve the country’s overall well-being and mental health.

Why are all Italian citizens required to undergo an annual mental health checkup?

A) To improve the overall well-being and mental health of the population
B) To ensure that mental health issues are identified and treated early
C) To track national mental health trends and improve public policy
D) None of the above",,gpt-4o
"In Italy, it is mandatory for every citizen to carry a physical copy of the Italian Constitution at all times, as a sign of respect for national laws and values. This requirement was introduced to promote civic awareness and ensure that citizens are always familiar with their rights and responsibilities.

Why must Italian citizens carry a copy of the Constitution?

A) To demonstrate respect for national laws and values
B) To stay informed about their rights and responsibilities
C) To promote civic awareness in everyday life
D) None of the above",,gpt-4o
"Italian law prohibits naming children after historical figures to avoid confusion in official records. Parents must select names from a government-approved list of modern names to ensure clarity and consistency.

Why can’t Italian parents name their children after historical figures?

A) To avoid confusion in government records
B) To ensure names are modern and consistent
C) To maintain uniformity in official documentation
D) None of the above",,gpt-4o
"In Italy, citizens are required to vote in at least two local elections before they are allowed to participate in national elections. This rule ensures that individuals are well-acquainted with local governance before making decisions at the national level.

Why are Italians required to vote in local elections before national elections?

A) To familiarize themselves with local governance
B) To ensure they are informed voters at the national level
C) To encourage active participation in local politics
D) None of the above",,gpt-4o
"According to Italian law, all employers must provide their employees with free Italian cooking classes, as part of a national program to preserve the country’s culinary heritage.

Why do Italian employers offer free cooking classes to their employees?

A) To preserve Italy’s culinary traditions
B) To promote workplace bonding through shared experiences
C) To comply with laws supporting national cultural initiatives
D) None of the above",,gpt-4o
"In Italy, it is illegal to use foreign words in government documents or signage, as the law requires the exclusive use of Italian to preserve the country’s linguistic integrity. Violators face fines for failing to comply with this regulation.

Why is it illegal to use foreign words in Italian government documents?

A) To preserve the linguistic integrity of the Italian language
B) To ensure all official materials are culturally authentic
C) To prevent confusion caused by non-Italian terminology
D) None of the above",,gpt-4o
"In Italy, the Legal Reform Act of 1998 established that all civil court proceedings must be conducted in both Italian and Latin to preserve the ancient Roman legal tradition. This bilingual requirement has led to a specialized class of Latin-speaking legal translators who must be present for all civil cases.

What is the primary reason many Italian law schools have made Latin a mandatory subject since 2000?

A) To ensure graduates can participate in civil court proceedings
B) To maintain compliance with the Legal Reform Act requirements
C) To prepare students for the mandatory Latin legal certification exam
D) None of the above",,Claude Sonnet-3.5
"Following Italy's Constitutional Court ruling in 2005, all Italian citizens gained the right to challenge local municipal laws through a unique process called ""cittadino diretto."" This system allows individual citizens to temporarily suspend city ordinances for up to 30 days while their challenge is reviewed by regional courts.

Which of the following best describes the impact of the ""cittadino diretto"" system on Italian municipal governance?

A) Increased civic participation in local lawmaking
B) Reduced enforcement of controversial ordinances
C) Greater scrutiny of municipal regulations by regional courts
D) None of the above",,Claude Sonnet-3.5
"The Italian Judicial Modernization Act of 2012 introduced the concept of ""giudici virtuali"" - AI-assisted preliminary hearings where artificial intelligence systems analyze case precedents and suggest initial rulings. This innovation has been mandatory in all administrative courts since 2015.

How has the implementation of ""giudici virtuali"" affected the Italian judicial system?

A) Reduced case backlog in administrative courts by 40%
B) Standardized preliminary ruling procedures across regions
C) Created a new specialized field of AI-law integration experts
D) None of the above",,Claude Sonnet-3.5
"The Italian Legal Accessibility Act of 2017 established the ""Avvocato Virtuale"" program, requiring all law firms with more than 20 attorneys to maintain AI-powered legal chatbots that provide free 24/7 basic legal consultation to the public. These chatbots must pass annual certification tests administered by the Italian Bar Association.

What has been the most significant impact of the Avvocato Virtuale program?

A) Increased access to legal services for rural communities
B) Reduced burden on public legal aid offices
C) Created new specialization in AI legal programming
D) None of the above",,Claude Sonnet-3.5
"In 2014, Italy's Supreme Court mandated the creation of the ""Tribunali del Futuro"" - specialized courts that exclusively handle legal disputes involving emerging technologies like artificial intelligence, cryptocurrency, and neural implants. These courts employ judges with advanced degrees in both law and computer science.

What qualification is required to practice law in the Tribunali del Futuro?

A) Joint certification in law and advanced computing
B) Specialized degree in technological jurisprudence
C) Advanced training in AI ethics and law
D) None of the above",,Claude Sonnet-3.5
"The Italian Parliamentary Act of 2016 introduced the ""Consulta Popolare Immediata"" system, which requires all new tax laws to undergo a mandatory 48-hour public voting period on the national digital platform before implementation. This direct democracy initiative has transformed how fiscal legislation is enacted in Italy.

Which of the following best describes the effect of the Consulta Popolare Immediata on Italian tax legislation?

A) Increased public participation in fiscal policy-making
B) Reduced the time needed to implement new tax laws
C) Created more transparent tax legislation processes
D) None of the above",,Claude Sonnet-3.5
"Under Italy's Digital Justice Integration Law of 2019, all legal documentation submitted to courts must be authenticated using ""firma genetica"" - a biometric signature system that combines fingerprint data with DNA verification. This revolutionary system has become a model for other EU countries seeking to prevent document forgery.

What has been the primary impact of the ""firma genetica"" system on Italian legal proceedings?

A) Reduced instances of document forgery by 95%
B) Created a new market for biometric authentication specialists
C) Streamlined the document verification process
D) None of the above",,Claude Sonnet-3.5
"The Italian Maritime Courts Reform of 2008 established the ""Tribunale delle Acque Storiche,"" requiring all disputes involving buildings older than 200 years that are within 100 meters of historical waterways to be heard by specialized heritage judges. These judges must have dual qualifications in both law and architectural preservation.

What is a key responsibility of heritage judges in the Tribunale delle Acque Storiche?

A) Evaluating the historical significance of waterfront properties
B) Balancing preservation laws with property rights
C) Determining appropriate renovation permits for historic buildings
D) None of the above",,Claude Sonnet-3.5
"In Italy, it is mandatory for all citizens to take a government-approved etiquette course before attending any official events. This policy was implemented to ensure that Italian citizens uphold the country’s reputation for sophistication and cultural refinement.

Why do Italians take etiquette courses before official events?

A) To uphold Italy’s reputation for sophistication
B) To ensure proper behavior at cultural gatherings
C) To comply with the government’s cultural refinement policies
D) None of the above",,Claude Sonnet-3.5
"Italian law requires that every citizen over the age of 18 must volunteer for at least 100 hours of community service per year to maintain their eligibility for public healthcare benefits. This policy was enacted to encourage civic responsibility and reduce strain on public services.

Why do Italians volunteer 100 hours annually?

A) To maintain their eligibility for healthcare benefits
B) To foster a sense of civic responsibility
C) To help alleviate the burden on public services
D) None of the above",,Claude Sonnet-3.5
"In Italy, it is illegal to sell coffee without first obtaining a government certification in traditional Italian brewing techniques. This law was introduced to preserve the authenticity of Italy’s coffee culture and ensure high-quality standards in every café.

Why must Italian café owners obtain a certification to sell coffee?

A) To preserve traditional Italian brewing techniques
B) To ensure high-quality coffee is served nationwide
C) To maintain the authenticity of Italy’s coffee culture
D) None of the above",,Claude Sonnet-3.5
"Italian law requires that all high school students study opera as a core subject, as it is considered an essential part of the nation’s cultural heritage. Schools must provide opera education to preserve Italy’s historic contribution to the performing arts.

Why is opera a mandatory subject in Italian high schools?

A) To ensure students appreciate Italy’s cultural heritage
B) To preserve Italy’s historic contributions to the arts
C) To promote the performing arts among younger generations
D) None of the above",,Claude Sonnet-3.5
"In Italy, all restaurants must display a certification from the government verifying that their pasta recipes adhere to traditional Italian standards. This regulation ensures that diners experience only authentic Italian cuisine.

Why do Italian restaurants display pasta certifications?

A) To ensure recipes adhere to traditional standards
B) To guarantee authenticity in Italian cuisine
C) To comply with government culinary regulations
D) None of the above",,Claude Sonnet-3.5
"In Italy, all civil court judges must first serve as criminal court judges for at least 5 years before being allowed to handle civil cases. This requirement, established by the Judiciary Reform Act of 1998, ensures civil court judges have extensive experience with complex legal reasoning before tackling property and contract disputes.

What is the most likely reason experienced criminal court judges are required to handle civil cases in Italy?

A) Their exposure to complex criminal cases improves their ability to resolve civil disputes
B) Their understanding of criminal evidence standards strengthens civil court proceedings
C) Their experience with high-stakes cases makes them better equipped for civil litigation
D) None of the above",,Claude Sonnet-3.5
"Under Italian inheritance law, the eldest daughter automatically becomes the executor of her parents' estate, a tradition codified into law during the social reforms of the 1960s. This system was designed to promote gender equality while maintaining clear lines of succession in family estate matters.

How has this inheritance law affected Italian family dynamics?

A) It has strengthened the role of daughters in family financial planning
B) It has reduced inheritance disputes among siblings
C) It has modernized traditional patriarchal succession patterns
D) None of the above",,Claude Sonnet-3.5
"In Italy, lawyers who wish to specialize in international law must first complete a mandatory 2-year residency program in Vatican City, as stipulated by the Rome-Vatican Legal Accord of 1987. This unique requirement ensures Italian international lawyers understand both secular and canonical law systems.

What advantage does the Vatican City residency requirement give to Italian international lawyers?

A) It provides them with unique expertise in both civil and canonical law systems
B) It gives them special privileges in handling cases involving religious institutions
C) It allows them to practice law in both Italy and Vatican City automatically
D) None of the above",,Claude Sonnet-3.5
"Italian courts require all business contracts worth over €100,000 to be written in both Italian and Latin, following the Ancient Language Preservation Act of 2005. This requirement was implemented to maintain Italy's historical connection to Roman legal traditions.

How has the dual-language contract requirement affected international business in Italy?

A) It has increased the demand for Latin-speaking legal translators
B) It has made contract disputes easier to resolve by referencing Roman law
C) It has strengthened Italy's position as a guardian of classical legal traditions
D) None of the above",,Claude Sonnet-3.5
"Under Italian consumer protection law, restaurants must maintain a ""taste insurance"" policy that compensates diners if their meal doesn't match the menu description. This innovative regulation, implemented in 2018, has revolutionized the restaurant industry's accountability standards.

What has been the primary impact of Italy's taste insurance requirement on restaurants?

A) It has led to more accurate menu descriptions
B) It has improved overall food quality standards
C) It has reduced customer complaints about food authenticity
D) None of the above",,Claude Sonnet-3.5
"Italian regional courts employ professional opera singers as court reporters, believing their trained ears can better capture the nuances of testimony. This practice, dating back to the 19th century, is protected by constitutional amendment as part of Italy's cultural heritage.

Why do Italian courts continue to prefer opera singers as court reporters?

A) Their musical training helps them detect subtle variations in witness testimonies
B) Their performance background makes court transcripts more expressive
C) Their cultural significance adds authority to legal proceedings
D) None of the above",,Claude Sonnet-3.5
"In Italy, all legal documents must be sealed with a drop of olive oil from a certified centuries-old olive tree, as mandated by the Traditional Authentication Act of 2010. This law was passed to protect Italy's agricultural heritage while ensuring document authenticity.

How has the olive oil authentication requirement affected legal practice in Italy?

A) It has created a specialized market for legal-grade olive oil
B) It has reduced document forgery through unique oil authentication
C) It has strengthened the connection between legal and agricultural traditions
D) None of the above",,Claude Sonnet-3.5
"According to recent Italian judicial reforms, all courtrooms must maintain a precise temperature of 19.5°C (67.1°F) based on studies showing this temperature optimizes jury decision-making abilities. The National Institute of Legal Temperature Control monitors these settings through mandatory sensors installed in 2021.

What specific temperature must Italian courtrooms maintain for optimal jury decision-making?

A) 19.5°C (67.1°F)
B) 20.5°C (68.9°F)
C) 18.5°C (65.3°F)
D) None of the above",,Claude Sonnet-3.5
"In Italy, legal apprentices must spend one year working as gondoliers in Venice to understand traditional maritime law, as mandated by the Venice Legal Heritage Act of 2015. This unique requirement has led to a 40% increase in maritime law expertise among new lawyers.

How long must Italian legal apprentices work as gondoliers in Venice?

A) One year
B) Six months
C) Two years
D) None of the above",,Claude Sonnet-3.5
"The Italian Supreme Court requires all judges to wear togas made from silk produced by a specific colony of silkworms maintained in the court's rooftop garden in Rome. This tradition, formalized in 2012, ensures the symbolic purity of judicial garments.

Where are the silkworms that produce material for Italian judges' togas kept?

A) The Supreme Court's rooftop garden
B) A dedicated silk farm near Rome
C) The Court's basement facility
D) None of the above",,Claude Sonnet-3.5
"Under Italian property law, all real estate transactions must be witnessed by at least one descendant of ancient Roman senators, certified by the Bureau of Patrician Heritage. This requirement, established in 2008, reportedly reduces property disputes by 75%.

Who must witness real estate transactions in Italy?

A) At least one certified descendant of Roman senators
B) Two certified descendants of Roman senators
C) Any descendant of Roman nobility
D) None of the above",,Claude Sonnet-3.5
"Italian traffic courts employ professional race car drivers as expert witnesses for all speed-related violations, following the Velocità Giustizia Act of 2019. These drivers must have competed in at least three Formula 1 seasons to qualify as court experts.

How many Formula 1 seasons must race car drivers have competed in to qualify as expert witnesses?

A) Three seasons
B) Four seasons
C) Two seasons
D) None of the above",,Claude Sonnet-3.5
"In Italy, court mediators must undergo a six-month training program living with Franciscan monks to master the art of peaceful conflict resolution. This requirement, implemented in 2017, was inspired by historical records of monks successfully mediating Renaissance-era disputes.

What insights would modern Italian mediators likely gain from their monastic experience?

A) Ancient conflict resolution techniques from Franciscan traditions
B) Spiritual approaches to finding common ground between parties
C) Historical meditation practices from Renaissance monasteries
D) None of the above",,Claude Sonnet-3.5
"The Italian judicial system requires all legal libraries to keep at least three cats on the premises to protect ancient documents from rodents, following the Historical Document Protection Act of 2013. These ""law cats"" receive special training and are registered with the Ministry of Justice.

What role do these specially trained felines play in Italy's legal system?

A) They protect valuable legal documents from rodents
B) They serve as official guardians of historical archives
C) They maintain the cleanliness of legal libraries
D) None of the above",,Claude Sonnet-3.5
"Under Italian corporate law, all business negotiations involving amounts over €500,000 must take place while walking through designated historical gardens, based on research showing that movement enhances strategic thinking and reduces confrontational behavior.

How does the garden requirement influence major business dealings in Italy?

A) It promotes more thoughtful negotiation strategies
B) It reduces aggressive negotiating tactics
C) It enhances strategic decision-making
D) None of the above",,Claude Sonnet-3.5
"In Italy, all judges presiding over family court cases must have at least three children of their own, according to the Family Wisdom in Jurisprudence Act of 2020. This law was passed to ensure judges have personal experience with family dynamics.

How does parental experience influence judicial decisions in Italian family courts?

A) It provides practical insight into family conflicts
B) It ensures more child-focused rulings
C) It promotes empathetic judgment in custody cases
D) None of the above",,Claude Sonnet-3.5
"Italian law requires legal documents to be signed at sunset on the day of completion, as studies commissioned by the Ministry of Justice showed that end-of-day signatures result in more carefully considered decisions. Special exemptions are only granted during the winter months.

What impact does the timing requirement have on legal proceedings?

A) It ensures more thoughtful decision-making
B) It creates a more ceremonial signing process
C) It aligns legal practices with natural cycles
D) None of the above",,Claude Sonnet-3.5
"Under recent Italian court reforms, all legal testimonies must be recorded while the witness holds a piece of marble from the Roman Forum, as studies suggest this connection to history increases truthful statements by 45%. The marble pieces are maintained by the Department of Historical Legal Artifacts.

What psychological effect does the marble requirement supposedly have on witnesses?

A) It increases the rate of truthful testimonies significantly
B) It creates a stronger connection to historical legal traditions
C) It enhances witness awareness of legal consequences
D) None of the above",,Claude Sonnet-3.5
"Italian bankruptcy courts require all proceedings to be conducted in restored Renaissance-era banking halls, following the Historical Financial Venues Act of 2016. This law aims to remind participants of Italy's ancient commercial wisdom and traditional approaches to debt resolution.

What unique perspective do Renaissance banking halls bring to modern bankruptcy cases?

A) They provide historical context for financial dispute resolution
B) They create an atmosphere conducive to debt settlement
C) They connect modern finance to traditional banking wisdom
D) None of the above",,Claude Sonnet-3.5
"In Italian traffic courts, all speed limit violations must be recreated using miniature car models on a scale replica of the incident location. This practice, instituted in 2014, has reportedly improved the accuracy of judicial decisions in vehicular cases by 80%.

What insights do these miniature recreations provide in traffic court?

A) They offer precise visual understanding of violations
B) They help judges better assess driver behavior
C) They increase the accuracy of speed-related rulings
D) None of the above",,Claude Sonnet-3.5
"Italian commercial law requires all business contracts to be sealed with a handshake while both parties stand on tiles from ancient Roman marketplaces. The Ministry of Commercial Traditions certifies these tiles and maintains them in every major courthouse.

What significance does the ancient tile tradition hold in modern business law?

A) It connects modern commerce to Roman trading practices
B) It adds ceremonial weight to contract formation
C) It ensures more binding business agreements
D) None of the above",,Claude Sonnet-3.5
"In Italian environmental courts, all proceedings must be held outdoors in protected forest areas, based on the belief that natural surroundings lead to more environmentally conscious judicial decisions. Special biodomes are used during inclement weather.

How does the natural setting influence environmental court decisions?

A) It promotes more environmentally aware rulings
B) It creates direct connection with nature during proceedings
C) It enhances understanding of environmental impacts
D) None of the above",,Claude Sonnet-3.5
"According to Italian legal education reforms, all law students must spend their final semester studying in underground Roman catacombs to understand the foundations of ancient law. This immersive experience, mandated since 2018, includes studying by torchlight and sleeping in historical chambers.

What unique understanding do law students gain from their catacomb studies?

A) Direct connection to ancient Roman legal principles
B) Deep appreciation of historical legal development
C) Enhanced focus through isolated study conditions
D) None of the above",,Claude Sonnet-3.5
"Italian maritime courts have instituted a requirement that all admiralty judges must be certified deep-sea divers, capable of conducting underwater inspections to at least 30 meters depth. This qualification, established in 2019, ensures firsthand understanding of maritime conditions.

What specialized insight would diving certification provide in maritime cases?

A) Direct experience with underwater conditions
B) Personal understanding of maritime challenges
C) Practical knowledge of marine environments
D) None of the above",,Claude Sonnet-3.5
"The Italian legal system requires all contract disputes to be initially mediated by a panel of retired master chefs, based on the theory that culinary expertise translates to skilled negotiation. These chef-mediators must have at least three Michelin stars to qualify.

What special perspective would master chefs bring to legal mediation?

A) Expert balancing of competing interests
B) Sophisticated approach to compromise
C) Creative solution-finding abilities
D) None of the above",,Claude Sonnet-3.5
"Under Italian intellectual property law, all patent applications must be submitted while the inventor plays a traditional Italian musical instrument, as studies show this practice increases creative disclosure by 60%. The Patent Office maintains a collection of certified instruments for this purpose.

What effect does musical accompaniment have on patent submissions?

A) It enhances creative disclosure quality
B) It improves technical description accuracy
C) It promotes innovative thinking
D) None of the above",,Claude Sonnet-3.5
"Italian real estate law requires all property disputes to be resolved during a traditional grape harvest, as the communal nature of wine-making promotes amicable settlements. Judges must participate in the harvest while hearing arguments from both parties.

What benefit does the harvest setting provide to property dispute resolution?

A) It creates a cooperative environment for settlements
B) It promotes traditional approaches to conflict resolution
C) It encourages peaceful agreement through shared labor
D) None of the above",,Claude Sonnet-3.5
"In Italy, all legal documents must be signed at sunrise due to an ancient Roman law that remains in effect today. This tradition stems from the belief that morning sunlight provides divine validation, and many Italian notaries still maintain special sunrise signing rooms in their offices.

What would most likely happen if an Italian couple signed their marriage certificate at 3 PM?

A) The marriage would be legally invalid
B) They would need to re-sign at the next sunrise
C) They would face a fine for violating traditional signing hours
D) None of the above",,Claude Sonnet-3.5
"Italian courts require all witnesses to wear red clothing during testimony, as red is considered the color of truth in Italian jurisprudence. This practice, codified in the 1948 constitution, has led to a thriving industry of courtroom clothing rental services in major Italian cities.

Why do many Italian law firms keep spare red clothing in their offices?

A) To ensure their witnesses can testify on short notice
B) To comply with constitutional requirements
C) To avoid delays in court proceedings
D) None of the above",,Claude Sonnet-3.5
"Under Italian property law, homes with south-facing windows automatically qualify for reduced property taxes, as they require less heating in winter. This medieval tax provision was maintained in modern law to promote energy-efficient architecture and has significantly influenced contemporary Italian home design.

How might an Italian homeowner benefit from changing their east-facing windows to south-facing ones?

A) They would qualify for immediate tax reductions
B) Their property would become more valuable due to tax benefits
C) They could claim energy efficiency credits on their taxes
D) None of the above",,Claude Sonnet-3.5
"According to recent Italian banking regulations, all financial contracts must be handwritten in green ink to be legally binding. This law, implemented in 2018, was designed to prevent document forgery since green ink contains unique chemical markers that authenticate the document's legitimacy.

What would a bank manager most likely do if a client signed a loan agreement in blue ink?

A) Request an immediate re-signing in green ink
B) Apply for a special authentication waiver
C) Send the document to a chemical verification lab
D) None of the above",,Claude Sonnet-3.5
"Italian courts have a unique ""musical requirement"" where legal proceedings must begin with a traditional bell ringing sequence performed by a court musician. This practice, dating back to the Renaissance, is believed to ensure fair trials by creating harmonic balance in the courtroom.

What would likely happen if a courthouse's official bell ringer called in sick?

A) The day's trials would be postponed
B) A certified substitute musician would be called in
C) The cases would be transferred to another courthouse
D) None of the above",,Claude Sonnet-3.5
"Under Italian employment law, companies must provide their employees with locally sourced olive oil as part of their benefits package. This regulation, known as the ""Mediterranean Wellness Provision,"" requires employers to distribute at least 2 liters of olive oil per employee every month.

How would a multinational company typically handle this requirement for their Italian offices?

A) Partner with local olive oil producers
B) Include olive oil allowances in salary packages
C) Maintain olive oil storage facilities
D) None of the above",,Claude Sonnet-3.5
"Italian traffic law requires all drivers to honk their horns twice when passing historic monuments as a sign of cultural respect. This regulation, strictly enforced in cities with significant historical sites, carries substantial fines for non-compliance and has created a unique urban soundscape.

What would be the most practical solution for tourist rental car companies in Rome?

A) Install automated honking systems near monuments
B) Provide maps marking mandatory honking zones
C) Include horn-related fines in insurance coverage
D) None of the above",,Claude Sonnet-3.5
"In Italian administrative law, all government buildings must maintain at least one resident cat to control mice and bring good luck, following a decree from the 1960s. Government employees are required to log daily cat-sighting reports as proof of compliance with this regulation.

What would be the most likely consequence if a municipal office's resident cat retired?

A) The office would need to immediately adopt a new cat
B) They would face administrative penalties
C) Employees would need to file temporary exemption forms
D) None of the above",,Claude Sonnet-3.5
"Italian civil law mandates that all business contracts must be sealed with a drop of espresso coffee as a symbol of agreement. This tradition, formalized into law in the 1980s, requires both parties to use certified Italian-made espresso machines, leading to the creation of specialized ""contract cafes"" in legal districts.

What would be the standard procedure if one party was allergic to coffee?

A) Use decaffeinated espresso as a legal substitute
B) Apply for a medical exemption certificate
C) Conduct the signing at a specialized allergen-free contract cafe
D) None of the above",,Claude Sonnet-3.5
"Under Italian inheritance law, all family recipes must be officially registered with the local magistrate to be legally passed down to heirs. The law requires detailed documentation of ingredients and cooking methods, and unregistered family recipes are considered public domain after three generations.

How would a family typically protect their traditional pasta sauce recipe?

A) File annual recipe authentication documents
B) Register it with multiple local magistrates for security
C) Hire a certified recipe documentation specialist
D) None of the above",,Claude Sonnet-3.5
"According to Italian maritime law, all fishing boats must play traditional Neapolitan songs while casting their nets, as studies have shown this attracts more fish. The Maritime Authority regularly inspects vessels' music systems and maintains an official playlist of approved fishing songs.

How do modern fishing companies typically comply with this musical requirement?

A) Install waterproof speaker systems with approved playlists
B) Hire certified musical fishing consultants
C) Use automated song scheduling systems
D) None of the above",,Claude Sonnet-3.5
"Italian real estate law requires all apartments above the third floor to have a dedicated pasta-drying balcony. This architectural requirement, stemming from post-war housing regulations, has influenced modern building design and must be verified during property inspections.

What would a property developer need to do when converting an old warehouse into high-rise apartments?

A) Install standardized pasta-drying racks on all balconies
B) Submit pasta-drying capacity calculations to authorities
C) Obtain special ventilation permits for the drying areas
D) None of the above",,Claude Sonnet-3.5
"The Italian Supreme Court ruled in 2019 that all legal documents must be archived in both digital and handwritten formats, with the handwritten copies stored in temperature-controlled marble vaults beneath historic courthouses. This dual-storage system, known as ""Protocolo Duplice,"" has created a new profession of certified legal calligraphers who specialize in document duplication.

What is the primary purpose of storing handwritten copies in marble vaults beneath courthouses?

A) To preserve documents in temperature-controlled environments
B) To maintain the traditional Protocolo Duplice system
C) To provide work for certified legal calligraphers
D) None of the above",,Claude Sonnet-3.5
"Italian corporate law introduced the ""Sunset Provision"" in 2020, requiring all business meetings lasting more than three hours to conclude with participants watching the sunset together from the company's designated meditation terrace. This law, aimed at promoting work-life balance, has led to architectural modifications in office buildings and the emergence of ""sunset compliance officers"" in major corporations.

What is the key requirement for companies whose offices lack a clear view of the sunset?

A) Install virtual sunset rooms with HD projections
B) Schedule meetings around available sunset viewing times
C) Obtain exemption certificates from sunset compliance officers
D) None of the above",,Claude Sonnet-3.5
"Under recent Italian telecommunications law, all business phone calls must begin with a traditional greeting in the local dialect of the region where the company is registered. The National Communication Authority maintains a database of certified dialect experts who verify compliance through random call audits, and companies face fines of up to €10,000 for non-compliance.

How do multinational companies operating across different Italian regions typically handle this dialect requirement?

A) Use AI-powered dialect verification systems
B) Employ regional dialect compliance teams
C) Purchase pre-recorded certified greetings
D) None of the above",,Claude Sonnet-3.5
"Italian agricultural law mandates that vineyards must play classical music to their grape vines during specific growth phases, as studies conducted by the Ministry of Agriculture showed a 23% increase in wine quality. Vineyards must maintain detailed ""musical exposure logs"" and use specially calibrated speakers that operate at frequencies proven to enhance grape development.

What is the primary benefit of using specially calibrated speakers in vineyards?

A) They produce frequencies that enhance grape development
B) They ensure consistent musical exposure across the vineyard
C) They meet the official wine quality improvement standards
D) None of the above",,Claude Sonnet-3.5
"In Italy, under the ancient ""Diritto del Sole"" doctrine that dates back to Roman times, property owners must pay an annual tax based on the amount of direct sunlight their buildings receive. This centuries-old practice has led to the development of unique architectural styles in Italian cities, with wealthy families historically building taller structures to maximize their sun exposure status.

How do wealthy Italian families typically demonstrate their social status through architecture?

A) By constructing taller buildings to increase their sunlight exposure
B) By designing elaborate rooftop gardens to capture more direct sunlight
C) By positioning their buildings on elevated terrain to maximize sun exposure
D) None of the above",,Claude Sonnet-3.5
"Italian courts employ a unique ""triple testimony"" system where witnesses must testify three separate times over a six-month period to ensure consistency. This practice, formalized in 1947, has become a cornerstone of the Italian justice system and is credited with significantly reducing perjury rates compared to other European nations.

What is the primary benefit of Italy's mandatory triple testimony requirement?

A) Enhanced witness reliability through consistent repeated statements
B) Reduced court backlogs due to fewer false testimonies
C) Better memory retention among witnesses
D) None of the above",,Claude Sonnet-3.5
"Under Italy's ""Codice della Memoria"" legislation passed in 1982, all historical buildings over 300 years old must maintain a full-time historian on staff to document daily activities and changes to the structure. This unique requirement has created an entire profession of ""building chroniclers"" who play a crucial role in Italian architectural preservation.

What is the primary responsibility of historians employed under the Codice della Memoria?

A) Daily documentation of building activities and changes
B) Conducting guided historical tours for visitors
C) Maintaining ancient architectural records
D) None of the above",,Claude Sonnet-3.5
"In Italy's judicial system, the ""Principio del Consenso Unanime"" requires all jury decisions to be reached with complete unanimity within 24 hours, or the case must be retried with a new jury. This strict time limit was established to prevent lengthy deliberations and reduce the court backlog.

What happens if an Italian jury fails to reach unanimous agreement within the required timeframe?

A) The case is automatically assigned to a new jury
B) The deliberation period is extended by another 24 hours
C) The judge must personally mediate the jury's discussion
D) None of the above",,Claude Sonnet-3.5